figure,series,seed,x,value,source_path,protocol
detection_300k,TXC-base 32k corrected,1,1,0.165674104424223,purified/results/neurips_rebuttal/backtracking_300k_seeded/publication/raw_detection_metrics.csv,c7-detection-seeded-v1
detection_300k,TXC-base 32k corrected,1,2,0.17882871540309253,purified/results/neurips_rebuttal/backtracking_300k_seeded/publication/raw_detection_metrics.csv,c7-detection-seeded-v1
detection_300k,TXC-base 32k corrected,1,4,0.18319632560625265,purified/results/neurips_rebuttal/backtracking_300k_seeded/publication/raw_detection_metrics.csv,c7-detection-seeded-v1
detection_300k,TXC-base 32k corrected,1,8,0.1950309704662098,purified/results/neurips_rebuttal/backtracking_300k_seeded/publication/raw_detection_metrics.csv,c7-detection-seeded-v1
detection_300k,TXC-base 32k corrected,1,16,0.2300671374127968,purified/results/neurips_rebuttal/backtracking_300k_seeded/publication/raw_detection_metrics.csv,c7-detection-seeded-v1
detection_300k,TXC-base 32k corrected,1,32,0.2561178459198693,purified/results/neurips_rebuttal/backtracking_300k_seeded/publication/raw_detection_metrics.csv,c7-detection-seeded-v1
detection_300k,TXC-base 32k corrected,2,1,0.1337534213183339,purified/results/neurips_rebuttal/backtracking_300k_seeded/publication/raw_detection_metrics.csv,c7-detection-seeded-v1
detection_300k,TXC-base 32k corrected,2,2,0.14260756498102983,purified/results/neurips_rebuttal/backtracking_300k_seeded/publication/raw_detection_metrics.csv,c7-detection-seeded-v1
detection_300k,TXC-base 32k corrected,2,4,0.15525306422159843,purified/results/neurips_rebuttal/backtracking_300k_seeded/publication/raw_detection_metrics.csv,c7-detection-seeded-v1
detection_300k,TXC-base 32k corrected,2,8,0.17913119600269342,purified/results/neurips_rebuttal/backtracking_300k_seeded/publication/raw_detection_metrics.csv,c7-detection-seeded-v1
detection_300k,TXC-base 32k corrected,2,16,0.23927813269727408,purified/results/neurips_rebuttal/backtracking_300k_seeded/publication/raw_detection_metrics.csv,c7-detection-seeded-v1
detection_300k,TXC-base 32k corrected,2,32,0.2618242158487088,purified/results/neurips_rebuttal/backtracking_300k_seeded/publication/raw_detection_metrics.csv,c7-detection-seeded-v1
detection_300k,TXC-base 32k corrected,42,1,0.14123597224016313,purified/results/neurips_rebuttal/backtracking_300k_seeded/publication/raw_detection_metrics.csv,c7-detection-seeded-v1
detection_300k,TXC-base 32k corrected,42,2,0.14551588007960586,purified/results/neurips_rebuttal/backtracking_300k_seeded/publication/raw_detection_metrics.csv,c7-detection-seeded-v1
detection_300k,TXC-base 32k corrected,42,4,0.1734919568055095,purified/results/neurips_rebuttal/backtracking_300k_seeded/publication/raw_detection_metrics.csv,c7-detection-seeded-v1
detection_300k,TXC-base 32k corrected,42,8,0.1880718727091344,purified/results/neurips_rebuttal/backtracking_300k_seeded/publication/raw_detection_metrics.csv,c7-detection-seeded-v1
detection_300k,TXC-base 32k corrected,42,16,0.2249874067827001,purified/results/neurips_rebuttal/backtracking_300k_seeded/publication/raw_detection_metrics.csv,c7-detection-seeded-v1
detection_300k,TXC-base 32k corrected,42,32,0.2523250792283652,purified/results/neurips_rebuttal/backtracking_300k_seeded/publication/raw_detection_metrics.csv,c7-detection-seeded-v1
detection_300k,T-SAE 16k / new_width_sensitivity,42,1,0.16434924580280155,purified/results/neurips_rebuttal/backtracking_300k_seeded/publication/raw_detection_metrics.csv,new_width_sensitivity
detection_300k,T-SAE 16k / new_width_sensitivity,42,2,0.16492089928653517,purified/results/neurips_rebuttal/backtracking_300k_seeded/publication/raw_detection_metrics.csv,new_width_sensitivity
detection_300k,T-SAE 16k / new_width_sensitivity,42,4,0.19484223143844454,purified/results/neurips_rebuttal/backtracking_300k_seeded/publication/raw_detection_metrics.csv,new_width_sensitivity
detection_300k,T-SAE 16k / new_width_sensitivity,42,8,0.20425840725398592,purified/results/neurips_rebuttal/backtracking_300k_seeded/publication/raw_detection_metrics.csv,new_width_sensitivity
detection_300k,T-SAE 16k / new_width_sensitivity,42,16,0.21298159568048192,purified/results/neurips_rebuttal/backtracking_300k_seeded/publication/raw_detection_metrics.csv,new_width_sensitivity
detection_300k,T-SAE 16k / new_width_sensitivity,42,32,0.22850374290526787,purified/results/neurips_rebuttal/backtracking_300k_seeded/publication/raw_detection_metrics.csv,new_width_sensitivity
detection_300k,T-SAE 32k / submitted_rounded_table_reference,42,1,0.158,purified/results/neurips_rebuttal/backtracking_300k_seeded/publication/raw_detection_metrics.csv,submitted_rounded_table_reference
detection_300k,T-SAE 32k / submitted_rounded_table_reference,42,2,0.164,purified/results/neurips_rebuttal/backtracking_300k_seeded/publication/raw_detection_metrics.csv,submitted_rounded_table_reference
detection_300k,T-SAE 32k / submitted_rounded_table_reference,42,4,0.169,purified/results/neurips_rebuttal/backtracking_300k_seeded/publication/raw_detection_metrics.csv,submitted_rounded_table_reference
detection_300k,T-SAE 32k / submitted_rounded_table_reference,42,8,0.196,purified/results/neurips_rebuttal/backtracking_300k_seeded/publication/raw_detection_metrics.csv,submitted_rounded_table_reference
detection_300k,T-SAE 32k / submitted_rounded_table_reference,42,16,0.213,purified/results/neurips_rebuttal/backtracking_300k_seeded/publication/raw_detection_metrics.csv,submitted_rounded_table_reference
detection_300k,T-SAE 32k / submitted_rounded_table_reference,42,32,0.245,purified/results/neurips_rebuttal/backtracking_300k_seeded/publication/raw_detection_metrics.csv,submitted_rounded_table_reference
window_sweep_20k,TXC-base · ordered,1,1,0.2225705087906432,purified/results/neurips_rebuttal/backtracking_window_sweep_t16/reviewer-five-point-v1/publication/window_sweep_seed_metrics.csv,reviewer-five-point-v1
window_sweep_20k,TXC-base · ordered,1,2,0.22493309538897183,purified/results/neurips_rebuttal/backtracking_window_sweep_t16/reviewer-five-point-v1/publication/window_sweep_seed_metrics.csv,reviewer-five-point-v1
window_sweep_20k,TXC-base · ordered,1,4,0.25382563442937667,purified/results/neurips_rebuttal/backtracking_window_sweep_t16/reviewer-five-point-v1/publication/window_sweep_seed_metrics.csv,reviewer-five-point-v1
window_sweep_20k,TXC-base · ordered,1,6,0.24553747141042298,purified/results/neurips_rebuttal/backtracking_window_sweep_t16/reviewer-five-point-v1/publication/window_sweep_seed_metrics.csv,reviewer-five-point-v1
window_sweep_20k,TXC-base · ordered,1,10,0.25045286117076315,purified/results/neurips_rebuttal/backtracking_window_sweep_t16/reviewer-five-point-v1/publication/window_sweep_seed_metrics.csv,reviewer-five-point-v1
window_sweep_20k,TXC-base · ordered,2,1,0.21272051016770127,purified/results/neurips_rebuttal/backtracking_window_sweep_t16/reviewer-five-point-v1/publication/window_sweep_seed_metrics.csv,reviewer-five-point-v1
window_sweep_20k,TXC-base · ordered,2,2,0.22543836783282134,purified/results/neurips_rebuttal/backtracking_window_sweep_t16/reviewer-five-point-v1/publication/window_sweep_seed_metrics.csv,reviewer-five-point-v1
window_sweep_20k,TXC-base · ordered,2,4,0.24634574449390523,purified/results/neurips_rebuttal/backtracking_window_sweep_t16/reviewer-five-point-v1/publication/window_sweep_seed_metrics.csv,reviewer-five-point-v1
window_sweep_20k,TXC-base · ordered,2,6,0.2509032769353158,purified/results/neurips_rebuttal/backtracking_window_sweep_t16/reviewer-five-point-v1/publication/window_sweep_seed_metrics.csv,reviewer-five-point-v1
window_sweep_20k,TXC-base · ordered,2,10,0.2494399917620031,purified/results/neurips_rebuttal/backtracking_window_sweep_t16/reviewer-five-point-v1/publication/window_sweep_seed_metrics.csv,reviewer-five-point-v1
window_sweep_20k,TXC-base · ordered,42,1,0.21798922275452806,purified/results/neurips_rebuttal/backtracking_window_sweep_t16/reviewer-five-point-v1/publication/window_sweep_seed_metrics.csv,reviewer-five-point-v1
window_sweep_20k,TXC-base · ordered,42,2,0.23626933001783446,purified/results/neurips_rebuttal/backtracking_window_sweep_t16/reviewer-five-point-v1/publication/window_sweep_seed_metrics.csv,reviewer-five-point-v1
window_sweep_20k,TXC-base · ordered,42,4,0.2394986866528357,purified/results/neurips_rebuttal/backtracking_window_sweep_t16/reviewer-five-point-v1/publication/window_sweep_seed_metrics.csv,reviewer-five-point-v1
window_sweep_20k,TXC-base · ordered,42,6,0.2572137374644074,purified/results/neurips_rebuttal/backtracking_window_sweep_t16/reviewer-five-point-v1/publication/window_sweep_seed_metrics.csv,reviewer-five-point-v1
window_sweep_20k,TXC-base · ordered,42,10,0.2645626093051201,purified/results/neurips_rebuttal/backtracking_window_sweep_t16/reviewer-five-point-v1/publication/window_sweep_seed_metrics.csv,reviewer-five-point-v1
window_sweep_20k,TXC-base · shuffled at evaluation,1,1,0.2225705087906432,purified/results/neurips_rebuttal/backtracking_window_sweep_t16/reviewer-five-point-v1/publication/window_sweep_seed_metrics.csv,reviewer-five-point-v1
window_sweep_20k,TXC-base · shuffled at evaluation,1,2,0.21773469262368658,purified/results/neurips_rebuttal/backtracking_window_sweep_t16/reviewer-five-point-v1/publication/window_sweep_seed_metrics.csv,reviewer-five-point-v1
window_sweep_20k,TXC-base · shuffled at evaluation,1,4,0.23141619276518308,purified/results/neurips_rebuttal/backtracking_window_sweep_t16/reviewer-five-point-v1/publication/window_sweep_seed_metrics.csv,reviewer-five-point-v1
window_sweep_20k,TXC-base · shuffled at evaluation,1,6,0.23132137313806914,purified/results/neurips_rebuttal/backtracking_window_sweep_t16/reviewer-five-point-v1/publication/window_sweep_seed_metrics.csv,reviewer-five-point-v1
window_sweep_20k,TXC-base · shuffled at evaluation,1,10,0.23536231047227568,purified/results/neurips_rebuttal/backtracking_window_sweep_t16/reviewer-five-point-v1/publication/window_sweep_seed_metrics.csv,reviewer-five-point-v1
window_sweep_20k,TXC-base · shuffled at evaluation,2,1,0.21272051016770127,purified/results/neurips_rebuttal/backtracking_window_sweep_t16/reviewer-five-point-v1/publication/window_sweep_seed_metrics.csv,reviewer-five-point-v1
window_sweep_20k,TXC-base · shuffled at evaluation,2,2,0.22080995489931804,purified/results/neurips_rebuttal/backtracking_window_sweep_t16/reviewer-five-point-v1/publication/window_sweep_seed_metrics.csv,reviewer-five-point-v1
window_sweep_20k,TXC-base · shuffled at evaluation,2,4,0.22812501125916818,purified/results/neurips_rebuttal/backtracking_window_sweep_t16/reviewer-five-point-v1/publication/window_sweep_seed_metrics.csv,reviewer-five-point-v1
window_sweep_20k,TXC-base · shuffled at evaluation,2,6,0.22503721964201998,purified/results/neurips_rebuttal/backtracking_window_sweep_t16/reviewer-five-point-v1/publication/window_sweep_seed_metrics.csv,reviewer-five-point-v1
window_sweep_20k,TXC-base · shuffled at evaluation,2,10,0.22094825278192487,purified/results/neurips_rebuttal/backtracking_window_sweep_t16/reviewer-five-point-v1/publication/window_sweep_seed_metrics.csv,reviewer-five-point-v1
window_sweep_20k,TXC-base · shuffled at evaluation,42,1,0.21798922275452806,purified/results/neurips_rebuttal/backtracking_window_sweep_t16/reviewer-five-point-v1/publication/window_sweep_seed_metrics.csv,reviewer-five-point-v1
window_sweep_20k,TXC-base · shuffled at evaluation,42,2,0.2294391747113417,purified/results/neurips_rebuttal/backtracking_window_sweep_t16/reviewer-five-point-v1/publication/window_sweep_seed_metrics.csv,reviewer-five-point-v1
window_sweep_20k,TXC-base · shuffled at evaluation,42,4,0.2200689744170226,purified/results/neurips_rebuttal/backtracking_window_sweep_t16/reviewer-five-point-v1/publication/window_sweep_seed_metrics.csv,reviewer-five-point-v1
window_sweep_20k,TXC-base · shuffled at evaluation,42,6,0.22405533767153268,purified/results/neurips_rebuttal/backtracking_window_sweep_t16/reviewer-five-point-v1/publication/window_sweep_seed_metrics.csv,reviewer-five-point-v1
window_sweep_20k,TXC-base · shuffled at evaluation,42,10,0.23816908648949187,purified/results/neurips_rebuttal/backtracking_window_sweep_t16/reviewer-five-point-v1/publication/window_sweep_seed_metrics.csv,reviewer-five-point-v1
window_sweep_20k,SAE · order-invariant readout,1,1,0.22753160261269895,purified/results/neurips_rebuttal/backtracking_window_sweep_t16/reviewer-five-point-v1/publication/window_sweep_seed_metrics.csv,reviewer-five-point-v1
window_sweep_20k,SAE · order-invariant readout,1,2,0.21242295116688234,purified/results/neurips_rebuttal/backtracking_window_sweep_t16/reviewer-five-point-v1/publication/window_sweep_seed_metrics.csv,reviewer-five-point-v1
window_sweep_20k,SAE · order-invariant readout,1,4,0.22500432335325887,purified/results/neurips_rebuttal/backtracking_window_sweep_t16/reviewer-five-point-v1/publication/window_sweep_seed_metrics.csv,reviewer-five-point-v1
window_sweep_20k,SAE · order-invariant readout,1,6,0.22758623434594227,purified/results/neurips_rebuttal/backtracking_window_sweep_t16/reviewer-five-point-v1/publication/window_sweep_seed_metrics.csv,reviewer-five-point-v1
window_sweep_20k,SAE · order-invariant readout,1,10,0.22830653261068284,purified/results/neurips_rebuttal/backtracking_window_sweep_t16/reviewer-five-point-v1/publication/window_sweep_seed_metrics.csv,reviewer-five-point-v1
window_sweep_20k,SAE · order-invariant readout,2,1,0.23370185458226142,purified/results/neurips_rebuttal/backtracking_window_sweep_t16/reviewer-five-point-v1/publication/window_sweep_seed_metrics.csv,reviewer-five-point-v1
window_sweep_20k,SAE · order-invariant readout,2,2,0.2184010905196117,purified/results/neurips_rebuttal/backtracking_window_sweep_t16/reviewer-five-point-v1/publication/window_sweep_seed_metrics.csv,reviewer-five-point-v1
window_sweep_20k,SAE · order-invariant readout,2,4,0.21317498442526323,purified/results/neurips_rebuttal/backtracking_window_sweep_t16/reviewer-five-point-v1/publication/window_sweep_seed_metrics.csv,reviewer-five-point-v1
window_sweep_20k,SAE · order-invariant readout,2,6,0.21279516854114983,purified/results/neurips_rebuttal/backtracking_window_sweep_t16/reviewer-five-point-v1/publication/window_sweep_seed_metrics.csv,reviewer-five-point-v1
window_sweep_20k,SAE · order-invariant readout,2,10,0.21579586425528058,purified/results/neurips_rebuttal/backtracking_window_sweep_t16/reviewer-five-point-v1/publication/window_sweep_seed_metrics.csv,reviewer-five-point-v1
window_sweep_20k,SAE · order-invariant readout,42,1,0.2031028741304593,purified/results/neurips_rebuttal/backtracking_window_sweep_t16/reviewer-five-point-v1/publication/window_sweep_seed_metrics.csv,reviewer-five-point-v1
window_sweep_20k,SAE · order-invariant readout,42,2,0.20288997145110152,purified/results/neurips_rebuttal/backtracking_window_sweep_t16/reviewer-five-point-v1/publication/window_sweep_seed_metrics.csv,reviewer-five-point-v1
window_sweep_20k,SAE · order-invariant readout,42,4,0.218748251429705,purified/results/neurips_rebuttal/backtracking_window_sweep_t16/reviewer-five-point-v1/publication/window_sweep_seed_metrics.csv,reviewer-five-point-v1
window_sweep_20k,SAE · order-invariant readout,42,6,0.22020336663291307,purified/results/neurips_rebuttal/backtracking_window_sweep_t16/reviewer-five-point-v1/publication/window_sweep_seed_metrics.csv,reviewer-five-point-v1
window_sweep_20k,SAE · order-invariant readout,42,10,0.2259604743339803,purified/results/neurips_rebuttal/backtracking_window_sweep_t16/reviewer-five-point-v1/publication/window_sweep_seed_metrics.csv,reviewer-five-point-v1
medical_em_steering,TXC-base,1,1,16.71875,purified/artifacts/camera_ready_2026/hf_reviewer_results/reviewer_seed_audit_2026-07-27/medical_em/steering_three_seed_summary.json,paper C6 Wang canonical + dense top-finalist extension
medical_em_steering,TXC-base,2,2,20.359375,purified/artifacts/camera_ready_2026/hf_reviewer_results/reviewer_seed_audit_2026-07-27/medical_em/steering_three_seed_summary.json,paper C6 Wang canonical + dense top-finalist extension
medical_em_steering,TXC-base,42,42,22.875,purified/artifacts/camera_ready_2026/hf_reviewer_results/reviewer_seed_audit_2026-07-27/medical_em/steering_three_seed_summary.json,paper C6 Wang canonical + dense top-finalist extension
