task,task_label,family,window,model,model_label,n,seeds,d_sae,parameter_count,direct_latent_r2_mean,direct_latent_r2_std,paired_delta_vs_txc_mean,paired_delta_vs_txc_std,raw_projection_r2_mean,raw_projection_r2_std,latent_r2_mean,latent_r2_std,nmse_mean,nmse_std,l0_per_window_mean,l0_per_window_std,temporal_basis,bands,frequency_bin_bands,expected_power_by_band,selection_event_share,adaptive_difficulty_weight,difficulty_weight_prior,frequency_routing_scale
hmm_slow_t8_routed_screen,Slow HMM $T=8$,factorial_hmm,8,txc,TXC-post,1,[1],64,16576,0.826904960089244,0.0,0.0,0.0,0.7470329371012342,0.0,0.8543796419174023,0.0,0.46998047828674316,0.0,7.64453125,0.0,,,,,,,,
hmm_slow_t8_routed_screen,Slow HMM $T=8$,factorial_hmm,8,spectral_fourier_global,Spectral Fourier global,1,[1],255,16671,0.805077393121675,0.0,-0.021827566967568934,0.0,0.7470329371012342,0.0,0.8316515064877255,0.0,0.45102325081825256,0.0,7.822265625,0.0,fourier,"[[0],[1,2],[3,4],[5,6,7]]","[[0],[1],[2],[3,4]]","[0.7809600753979421,0.14097322820651778,0.04254149754495953,0.03552519885058062]","[0.42681781173670696,0.23767771027744725,0.16114486127638253,0.17435961670946326]",,,
hmm_slow_t8_routed_screen,Slow HMM $T=8$,factorial_hmm,8,spectral_fourier_adaptive,Fourier learned loss,1,[1],255,16675,0.8048994885922233,0.0,-0.0220054714970207,0.0,0.7470329371012342,0.0,0.8310824407752289,0.0,0.4514640271663666,0.0,7.8046875,0.0,fourier,"[[0],[1,2],[3,4],[5,6,7]]","[[0],[1],[2],[3,4]]","[0.7809600753979421,0.14097322820651778,0.04254149754495953,0.03552519885058062]","[0.4274249169226911,0.23901185027274438,0.16088782995799109,0.17267540284657346]","[0.12499996926635709,0.2500020992009424,0.24999980442227243,0.374998127110428]","[0.125,0.25,0.25,0.375]",
hmm_slow_t8_routed_screen,Slow HMM $T=8$,factorial_hmm,8,spectral_fourier_routed,Fourier learned routing,1,[1],255,16675,0.8050830112725079,0.0,-0.021821948816736048,0.0,0.7470329371012342,0.0,0.8312140061735731,0.0,0.4516024887561798,0.0,7.7919921875,0.0,fourier,"[[0],[1,2],[3,4],[5,6,7]]","[[0],[1],[2],[3,4]]","[0.7809600753979421,0.14097322820651778,0.04254149754495953,0.03552519885058062]","[0.4275576210513094,0.2392137160082899,0.16058531683727942,0.17264334610312126]","[0.12500001117587056,0.2500000223517411,0.24999997764825888,0.37499998882412944]","[0.125,0.25,0.25,0.375]","[1.0,1.0,0.9999999403953552,1.0]"
hmm_alternating_t8_routed_screen,Alternating HMM $T=8$,factorial_hmm,8,txc,TXC-post,1,[1],64,16576,0.8191668104475237,0.0,0.0,0.0,0.7471941825072302,0.0,0.8453634351567662,0.0,0.4724207818508148,0.0,7.6875,0.0,,,,,,,,
hmm_alternating_t8_routed_screen,Alternating HMM $T=8$,factorial_hmm,8,spectral_fourier_global,Spectral Fourier global,1,[1],255,16671,0.7697819804417492,0.0,-0.04938483000577454,0.0,0.7471941825072302,0.0,0.7929000947073895,0.0,0.4639941453933716,0.0,7.6962890625,0.0,fourier,"[[0],[1,2],[3,4],[5,6,7]]","[[0],[1],[2],[3,4]]","[0.010566710425571564,0.025435150435151484,0.0435333314307655,0.9204648077085115]","[0.061677061677061676,0.12688212688212688,0.15309015309015309,0.6583506583506583]",,,
hmm_alternating_t8_routed_screen,Alternating HMM $T=8$,factorial_hmm,8,spectral_fourier_adaptive,Fourier learned loss,1,[1],255,16675,0.7701696709880305,0.0,-0.048997139459493244,0.0,0.7471941825072302,0.0,0.7935311222315218,0.0,0.4638924300670624,0.0,7.69921875,0.0,fourier,"[[0],[1,2],[3,4],[5,6,7]]","[[0],[1],[2],[3,4]]","[0.010566710425571564,0.025435150435151484,0.0435333314307655,0.9204648077085115]","[0.06175951600705823,0.1266700277287623,0.15269725233173684,0.6588732039324426]","[0.12481301742840623,0.24970419145018574,0.24982533789520478,0.3756574532262032]","[0.125,0.25,0.25,0.375]",
hmm_alternating_t8_routed_screen,Alternating HMM $T=8$,factorial_hmm,8,spectral_fourier_routed,Fourier learned routing,1,[1],255,16675,0.7702282762250275,0.0,-0.048938534222496166,0.0,0.7471941825072302,0.0,0.7934901382194832,0.0,0.4643077254295349,0.0,7.685546875,0.0,fourier,"[[0],[1,2],[3,4],[5,6,7]]","[[0],[1],[2],[3,4]]","[0.010566710425571564,0.025435150435151484,0.0435333314307655,0.9204648077085115]","[0.06067117487202174,0.12526069645452823,0.15161473803956266,0.6624533906338874]","[0.12485106661471923,0.24979738145462815,0.24985700100234154,0.3754945509283111]","[0.125,0.25,0.25,0.375]","[0.9994040727615356,0.9995946884155273,0.9997139573097229,1.0006592273712158]"
narrowband_sparse_balanced_t8,Sparse NB balanced,narrowband_sources,8,txc,TXC-post,1,[1],64,49600,0.7515824368818503,0.0,0.0,0.0,0.2565658914157312,0.0,0.7491609615714392,0.0,0.5254802107810974,0.0,8.029296875,0.0,,,,,,,,
narrowband_sparse_balanced_t8,Sparse NB balanced,narrowband_sources,8,spectral_dct_global,Spectral DCT global,1,[1],255,49503,0.8353266013578377,0.0,0.08374416447598731,0.0,0.2565658914157312,0.0,0.965970377247736,0.0,0.4814794361591339,0.0,8.1962890625,0.0,dct,"[[0],[1,2],[3,4],[5,6,7]]","[[0],[1,2],[3,4],[5,6,7]]","[2.135302952426879e-31,0.32791892431205,0.32579967561081774,0.3462814000771322]","[0.021978672985781992,0.29946682464454977,0.33767772511848343,0.3408767772511848]",,,
narrowband_sparse_balanced_t8,Sparse NB balanced,narrowband_sources,8,spectral_fourier_global,Spectral Fourier global,1,[1],255,49503,0.9630921437925589,0.0,0.21150970691070858,0.0,0.2565658914157312,0.0,0.9692516061911803,0.0,0.41144588589668274,0.0,7.8115234375,0.0,fourier,"[[0],[1,2],[3,4],[5,6,7]]","[[0],[1],[2],[3,4]]","[2.135302854337943e-31,0.33333333333332005,0.3333333333333333,0.3333333333333466]","[0.04029646238166418,0.32093921275535625,0.3210637767812656,0.317700548081714]",,,
narrowband_sparse_balanced_t8,Sparse NB balanced,narrowband_sources,8,spectral_fourier_adaptive,Fourier learned loss,1,[1],255,49507,0.9630307552357151,0.0,0.2114483183538648,0.0,0.2565658914157312,0.0,0.9689596176767274,0.0,0.4120500087738037,0.0,7.818359375,0.0,fourier,"[[0],[1,2],[3,4],[5,6,7]]","[[0],[1],[2],[3,4]]","[2.135302854337943e-31,0.33333333333332005,0.3333333333333333,0.3333333333333466]","[0.03941651148355059,0.3196772191185599,0.32271880819366855,0.318187461204221]","[0.12499547284113344,0.2500125672663537,0.2499968018383979,0.37499515805411493]","[0.125,0.25,0.25,0.375]",
narrowband_sparse_balanced_t8,Sparse NB balanced,narrowband_sources,8,spectral_fourier_routed,Fourier learned routing,1,[1],255,49507,0.9629907995871827,0.0,0.21140836270533236,0.0,0.2565658914157312,0.0,0.968938719011568,0.0,0.4119988977909088,0.0,7.8310546875,0.0,fourier,"[[0],[1,2],[3,4],[5,6,7]]","[[0],[1],[2],[3,4]]","[2.135302854337943e-31,0.33333333333332005,0.3333333333333333,0.3333333333333466]","[0.039265554246014515,0.3193970597357484,0.32287078965324734,0.31846659636498975]","[0.12499643489729062,0.2500136718149879,0.24999622255574994,0.37499367073197154]","[0.125,0.25,0.25,0.375]","[0.9999857544898987,1.0000272989273071,0.9999924302101135,0.9999915361404419]"
narrowband_sparse_high_crowded_t8,Sparse NB high crowded,narrowband_sources,8,txc,TXC-post,1,[1],64,49600,0.7604220719283822,0.0,0.0,0.0,0.2565658914157312,0.0,0.7593695642455804,0.0,0.5250023007392883,0.0,7.8974609375,0.0,,,,,,,,
narrowband_sparse_high_crowded_t8,Sparse NB high crowded,narrowband_sources,8,spectral_dct_global,Spectral DCT global,1,[1],255,49503,0.8338210303488797,0.0,0.07339895842049748,0.0,0.2565658914157312,0.0,0.9600445780504221,0.0,0.48609915375709534,0.0,7.974609375,0.0,dct,"[[0],[1,2],[3,4],[5,6,7]]","[[0],[1,2],[3,4],[5,6,7]]","[3.845909581019493e-31,0.1510652891931295,0.2526099527638773,0.5963247580429931]","[0.016999079472230744,0.14881865602945687,0.263577784596502,0.5706044799018104]",,,
narrowband_sparse_high_crowded_t8,Sparse NB high crowded,narrowband_sources,8,spectral_fourier_global,Spectral Fourier global,1,[1],255,49503,0.9466016767907898,0.0,0.1861796048624076,0.0,0.2565658914157312,0.0,0.9497100836898392,0.0,0.4250262379646301,0.0,7.75390625,0.0,fourier,"[[0],[1,2],[3,4],[5,6,7]]","[[0],[1],[2],[3,4]]","[3.8459094018672315e-31,0.12499999999999704,0.25000000000000416,0.6249999999999989]","[0.01863897923442582,0.12890918188641481,0.23448836627470604,0.6179634726044534]",,,
narrowband_sparse_high_crowded_t8,Sparse NB high crowded,narrowband_sources,8,spectral_fourier_adaptive,Fourier learned loss,1,[1],255,49507,0.9465073320411829,0.0,0.1860852601128007,0.0,0.2565658914157312,0.0,0.9495029238498666,0.0,0.4248991310596466,0.0,7.75,0.0,fourier,"[[0],[1,2],[3,4],[5,6,7]]","[[0],[1],[2],[3,4]]","[3.8459094018672315e-31,0.12499999999999704,0.25000000000000416,0.6249999999999989]","[0.01818980116665621,0.1282067364987769,0.2335821363607853,0.6200213259737816]","[0.12459696548420807,0.2493719998513162,0.24822036356554789,0.3778106710989278]","[0.125,0.25,0.25,0.375]",
narrowband_sparse_high_crowded_t8,Sparse NB high crowded,narrowband_sources,8,spectral_fourier_routed,Fourier learned routing,1,[1],255,49507,0.9536947131663968,0.0,0.19327264123801458,0.0,0.2565658914157312,0.0,0.9570008827987722,0.0,0.42162877321243286,0.0,7.646484375,0.0,fourier,"[[0],[1,2],[3,4],[5,6,7]]","[[0],[1],[2],[3,4]]","[3.8459094018672315e-31,0.12499999999999704,0.25000000000000416,0.6249999999999989]","[0.01758283610511616,0.12644407769455376,0.2385425923574965,0.6174304938428335]","[0.12500610202514517,0.2504153102388793,0.24956519904344088,0.37501338869253464]","[0.125,0.25,0.25,0.375]","[1.000024437904358,1.0008302927017212,0.9991300702095032,1.0000178813934326]"
