window,horizon,target,model,alpha,validation_r2,n_train,n_validation,n_test,r2,rmse,breach_auprc,breach_prevalence
4,1,future_min,axis_only,0.0001,0.8309535113535761,2640,880,880,0.7975361347198486,3.6422646045684814,nan,1.0
4,1,future_delta,axis_only,1000.0,0.020948716606473017,2640,880,880,0.02738809585571289,3.6479756832122803,nan,nan
4,1,future_min,axis_position,0.0001,0.852322040130442,2640,880,880,0.8220174908638,3.414966344833374,nan,1.0
4,1,future_delta,axis_position,10.0,0.1443694176972179,2640,880,880,0.14792340993881226,3.4144556522369385,nan,nan
4,1,future_min,user_axis,100.0,0.822727417219466,2640,880,880,0.8056063055992126,3.568936586380005,nan,1.0
4,1,future_delta,user_axis,1000.0,0.10144813887273185,2640,880,880,0.09745538234710693,3.5141193866729736,nan,nan
4,1,future_min,raw_local,10000.0,0.8580207479935462,2640,880,880,0.8368803262710571,3.269270896911621,nan,1.0
4,1,future_delta,raw_local,10000.0,0.28313394649798185,2640,880,880,0.2909182906150818,3.1148009300231934,nan,nan
4,1,future_min,raw_history,10000.0,0.8696163840058497,2640,880,880,0.8463544845581055,3.1729094982147217,nan,1.0
4,1,future_delta,raw_history,10000.0,0.2629705798876082,2640,880,880,0.2723239064216614,3.155376672744751,nan,nan
4,1,future_min,sae,1000.0,0.7879875017284154,2640,880,880,0.781765341758728,3.781461000442505,nan,1.0
4,1,future_delta,sae,10000.0,0.13679256406887985,2640,880,880,0.1334438920021057,3.4433445930480957,nan,nan
4,1,future_min,tsae,1000.0,0.8172664959181657,2640,880,880,0.8035726547241211,3.5875558853149414,nan,1.0
4,1,future_delta,tsae,1000.0,0.1798531884719453,2640,880,880,0.17571955919265747,3.3583011627197266,nan,nan
4,1,future_min,txc,1000.0,0.7854181388427168,2640,880,880,0.7837996482849121,3.7637951374053955,nan,1.0
4,1,future_delta,txc,10000.0,0.06442368280406097,2640,880,880,0.032008349895477295,3.639301061630249,nan,nan
4,1,future_min,sae_plus_txc,1000.0,0.7892531157758137,2640,880,880,0.7865933775901794,3.739398241043091,nan,1.0
4,1,future_delta,sae_plus_txc,10000.0,0.12020039835292595,2640,880,880,0.09149855375289917,3.5256969928741455,nan,nan
4,1,future_min,tsae_plus_txc,1000.0,0.8049943928387885,2640,880,880,0.798951268196106,3.6295132637023926,nan,1.0
4,1,future_delta,tsae_plus_txc,10000.0,0.12753563861323003,2640,880,880,0.09910231828689575,3.510911464691162,nan,nan
4,2,future_min,axis_only,0.0001,0.8483254658566516,2400,800,800,0.826636016368866,3.377098321914673,nan,1.0
4,2,future_delta,axis_only,1000.0,0.011254541091793913,2400,800,800,0.017410576343536377,3.6913340091705322,nan,nan
4,2,future_min,axis_position,0.0001,0.8786239508727888,2400,800,800,0.8587477803230286,3.0483291149139404,nan,1.0
4,2,future_delta,axis_position,0.0001,0.17170040189405555,2400,800,800,0.15351098775863647,3.4261624813079834,nan,nan
4,2,future_min,user_axis,100.0,0.856654120963292,2400,800,800,0.8403617143630981,3.240654706954956,nan,1.0
4,2,future_delta,user_axis,1000.0,0.10561906839606672,2400,800,800,0.09958869218826294,3.5336029529571533,nan,nan
4,2,future_min,raw_local,1000.0,0.8902572191936738,2400,800,800,0.8674675226211548,2.9527413845062256,nan,1.0
4,2,future_delta,raw_local,10000.0,0.2931049994460868,2400,800,800,0.2699153423309326,3.1818807125091553,nan,nan
4,2,future_min,raw_history,10000.0,0.9012699194292453,2400,800,800,0.8848106861114502,2.752772569656372,nan,1.0
4,2,future_delta,raw_history,10000.0,0.2545092640446738,2400,800,800,0.2511245608329773,3.2225677967071533,nan,nan
4,2,future_min,sae,1000.0,0.8136909459429018,2400,800,800,0.820732831954956,3.4341132640838623,nan,1.0
4,2,future_delta,sae,10000.0,0.1311444750025469,2400,800,800,0.1343558430671692,3.4647107124328613,nan,nan
4,2,future_min,tsae,1000.0,0.8445750508232549,2400,800,800,0.8365322947502136,3.2792930603027344,nan,1.0
4,2,future_delta,tsae,1000.0,0.1640149559517502,2400,800,800,0.14974766969680786,3.433769941329956,nan,nan
4,2,future_min,txc,1000.0,0.8172720913644105,2400,800,800,0.8228479623794556,3.4137938022613525,nan,1.0
4,2,future_delta,txc,10000.0,0.06851198548416515,2400,800,800,0.06019192934036255,3.6100804805755615,nan,nan
4,2,future_min,sae_plus_txc,1000.0,0.8193719308359297,2400,800,800,0.8268569707870483,3.374945640563965,nan,1.0
4,2,future_delta,sae_plus_txc,10000.0,0.11564464868544522,2400,800,800,0.11660993099212646,3.500044345855713,nan,nan
4,2,future_min,tsae_plus_txc,1000.0,0.8322011675481202,2400,800,800,0.8350039720535278,3.2945873737335205,nan,1.0
4,2,future_delta,tsae_plus_txc,10000.0,0.12656690903560963,2400,800,800,0.11720818281173706,3.49885892868042,nan,nan
4,4,future_min,axis_only,0.0001,0.8554169068468993,1920,640,640,0.8295816779136658,3.40558123588562,nan,1.0
4,4,future_delta,axis_only,1000.0,-0.0004146685038126652,1920,640,640,0.004971981048583984,3.8781869411468506,nan,nan
4,4,future_min,axis_position,0.0001,0.9037241563395134,1920,640,640,0.8818682432174683,2.835413694381714,nan,1.0
4,4,future_delta,axis_position,0.1,0.21565130609366245,1920,640,640,0.1994827389717102,3.4785354137420654,nan,nan
4,4,future_min,user_axis,100.0,0.8798363286388441,1920,640,640,0.859851062297821,3.088360548019409,nan,1.0
4,4,future_delta,user_axis,1000.0,0.13571156969695675,1920,640,640,0.05412358045578003,3.7811880111694336,nan,nan
4,4,future_min,raw_local,1000.0,0.912287760627945,1920,640,640,0.8929922580718994,2.698613166809082,nan,1.0
4,4,future_delta,raw_local,10000.0,0.30114363139084777,1920,640,640,0.2595314383506775,3.3455257415771484,nan,nan
4,4,future_min,raw_history,10000.0,0.9152517773628036,1920,640,640,0.9060506820678711,2.5285987854003906,nan,1.0
4,4,future_delta,raw_history,10000.0,0.2137125192452255,1920,640,640,0.2497413158416748,3.3675696849823,nan,nan
4,4,future_min,sae,1000.0,0.85518004502646,1920,640,640,0.844089925289154,3.2573933601379395,nan,1.0
4,4,future_delta,sae,1000.0,0.15638029659127395,1920,640,640,0.09968560934066772,3.6889960765838623,nan,nan
4,4,future_min,tsae,1000.0,0.8635483033018218,1920,640,640,0.8639289140701294,3.0430986881256104,nan,1.0
4,4,future_delta,tsae,1000.0,0.15552652831457436,1920,640,640,0.1309853196144104,3.6243040561676025,nan,nan
4,4,future_min,txc,1000.0,0.844561037906126,1920,640,640,0.8292919397354126,3.408474922180176,nan,1.0
4,4,future_delta,txc,10000.0,0.08300758854829027,1920,640,640,0.05783313512802124,3.773766279220581,nan,nan
4,4,future_min,sae_plus_txc,1000.0,0.8531545336854034,1920,640,640,0.8396601676940918,3.303344488143921,nan,1.0
4,4,future_delta,sae_plus_txc,10000.0,0.1377013025581274,1920,640,640,0.1142275333404541,3.6590821743011475,nan,nan
4,4,future_min,tsae_plus_txc,1000.0,0.8584979581967882,1920,640,640,0.8504288196563721,3.190487861633301,nan,1.0
4,4,future_delta,tsae_plus_txc,10000.0,0.12694194778683665,1920,640,640,0.1118122935295105,3.664067506790161,nan,nan
8,1,future_min,axis_only,0.0001,0.8349255697723736,1680,560,560,0.8117536306381226,3.6178410053253174,nan,1.0
8,1,future_delta,axis_only,100.0,0.021413994309125606,1680,560,560,0.02400892972946167,3.617999792098999,nan,nan
8,1,future_min,axis_position,0.0001,0.8573222953364845,1680,560,560,0.8379271626472473,3.3569223880767822,nan,1.0
8,1,future_delta,axis_position,10.0,0.15471327037028104,1680,560,560,0.160753071308136,3.3549845218658447,nan,nan
8,1,future_min,user_axis,100.0,0.8185942500306749,1680,560,560,0.7928677201271057,3.794985294342041,nan,1.0
8,1,future_delta,user_axis,1000.0,0.11202608931159008,1680,560,560,0.05730795860290527,3.5557444095611572,nan,nan
8,1,future_min,raw_local,10000.0,0.8520649203640869,1680,560,560,0.8398513197898865,3.3369357585906982,nan,1.0
8,1,future_delta,raw_local,10000.0,0.25432814439823104,1680,560,560,0.2729586362838745,3.1226634979248047,nan,nan
8,1,future_min,raw_history,10000.0,0.8579712009288731,1680,560,560,0.8583102226257324,3.1387410163879395,nan,1.0
8,1,future_delta,raw_history,10000.0,0.19730988826526186,1680,560,560,0.24877434968948364,3.1741747856140137,nan,nan
8,1,future_min,sae,1000.0,0.8058110134888278,1680,560,560,0.7815927267074585,3.8969039916992188,nan,1.0
8,1,future_delta,sae,10000.0,0.12044461987137678,1680,560,560,0.11979228258132935,3.4358816146850586,nan,nan
8,1,future_min,tsae,1000.0,0.8142044162554675,1680,560,560,0.8000815510749817,3.7283151149749756,nan,1.0
8,1,future_delta,tsae,1000.0,0.14952360469228687,1680,560,560,0.14523035287857056,3.385869026184082,nan,nan
8,1,future_min,txc,10000.0,0.7321675871831785,1680,560,560,0.7177951335906982,4.429640293121338,nan,1.0
8,1,future_delta,txc,10000.0,-0.01409743263674157,1680,560,560,-0.017751455307006836,3.694591760635376,nan,nan
8,1,future_min,sae_plus_txc,1000.0,0.7715025741127757,1680,560,560,0.7399792671203613,4.251969814300537,nan,1.0
8,1,future_delta,sae_plus_txc,10000.0,0.0654336709153619,1680,560,560,0.06456637382507324,3.5420289039611816,nan,nan
8,1,future_min,tsae_plus_txc,10000.0,0.766549375215501,1680,560,560,0.7563112378120422,4.116271018981934,nan,1.0
8,1,future_delta,tsae_plus_txc,10000.0,0.07175074565613193,1680,560,560,0.0698099136352539,3.532087564468384,nan,nan
8,2,future_min,axis_only,10.0,0.8502127682986688,1440,480,480,0.8346153497695923,3.3741207122802734,nan,1.0
8,2,future_delta,axis_only,0.0001,0.018236530445886134,1440,480,480,0.016924560070037842,3.7523858547210693,nan,nan
8,2,future_min,axis_position,0.1,0.8804366280079249,1440,480,480,0.8705812692642212,2.9847748279571533,nan,1.0
8,2,future_delta,axis_position,0.0001,0.17031528740301172,1440,480,480,0.1924719214439392,3.4008922576904297,nan,nan
8,2,future_min,user_axis,100.0,0.8477198222203525,1440,480,480,0.8269221186637878,3.4517056941986084,nan,1.0
8,2,future_delta,user_axis,1000.0,0.05765438330254313,1440,480,480,0.06321680545806885,3.6629719734191895,nan,nan
8,2,future_min,raw_local,1000.0,0.8865121749783951,1440,480,480,0.8761255741119385,2.920140504837036,nan,1.0
8,2,future_delta,raw_local,10000.0,0.28757149252572134,1440,480,480,0.27153629064559937,3.2301151752471924,nan,nan
8,2,future_min,raw_history,10000.0,0.8982450382022821,1440,480,480,0.8948216438293457,2.690767526626587,nan,1.0
8,2,future_delta,raw_history,10000.0,0.1926504593002919,1440,480,480,0.2172945737838745,3.3482143878936768,nan,nan
8,2,future_min,sae,1000.0,0.8410562247983966,1440,480,480,0.8226720690727234,3.493828296661377,nan,1.0
8,2,future_delta,sae,1000.0,0.10165571328167344,1440,480,480,0.12792378664016724,3.5342013835906982,nan,nan
8,2,future_min,tsae,1000.0,0.8426921314275866,1440,480,480,0.8295716643333435,3.4251835346221924,nan,1.0
8,2,future_delta,tsae,1000.0,0.12882417960135117,1440,480,480,0.11127525568008423,3.567776918411255,nan,nan
8,2,future_min,txc,10000.0,0.6347717038575451,1440,480,480,0.6560726165771484,4.865711688995361,nan,1.0
8,2,future_delta,txc,10000.0,-0.17864530924123367,1440,480,480,-0.23241126537322998,4.201379299163818,nan,nan
8,2,future_min,sae_plus_txc,10000.0,0.7226505983945298,1440,480,480,0.727265477180481,4.332943439483643,nan,1.0
8,2,future_delta,sae_plus_txc,10000.0,-0.07506763042436382,1440,480,480,-0.12801635265350342,4.019497394561768,nan,nan
8,2,future_min,tsae_plus_txc,10000.0,0.7223836828248036,1440,480,480,0.7350003123283386,4.271059989929199,nan,1.0
8,2,future_delta,tsae_plus_txc,10000.0,-0.06609071429068147,1440,480,480,-0.10025739669799805,3.9697322845458984,nan,nan
8,4,future_min,axis_only,10.0,0.8625691861208908,960,320,320,0.8316162824630737,3.4532947540283203,nan,1.0
8,4,future_delta,axis_only,0.0001,-0.000693311219278181,960,320,320,0.0012549161911010742,4.047230243682861,nan,nan
8,4,future_min,axis_position,1.0,0.907673862674556,960,320,320,0.889891505241394,2.7925052642822266,nan,1.0
8,4,future_delta,axis_position,10.0,0.18737039133816813,960,320,320,0.2753790020942688,3.447355031967163,nan,nan
8,4,future_min,user_axis,100.0,0.8562860857185352,960,320,320,0.824989378452301,3.5205929279327393,nan,1.0
8,4,future_delta,user_axis,1000.0,0.047225910639389856,960,320,320,0.0710289478302002,3.9032974243164062,nan,nan
8,4,future_min,raw_local,1000.0,0.9075625166777772,960,320,320,0.9024443626403809,2.6285104751586914,nan,1.0
8,4,future_delta,raw_local,10000.0,0.24237268108871823,960,320,320,0.2701486349105835,3.4597742557525635,nan,nan
8,4,future_min,raw_history,10000.0,0.914568084717954,960,320,320,0.9039375185966492,2.6083178520202637,nan,1.0
8,4,future_delta,raw_history,10000.0,0.07375179154211087,960,320,320,0.23228436708450317,3.5483851432800293,nan,nan
8,4,future_min,sae,1000.0,0.8613209175958504,960,320,320,0.8464522361755371,3.2976555824279785,nan,1.0
8,4,future_delta,sae,10000.0,0.07280603920758288,960,320,320,0.13161027431488037,3.773878574371338,nan,nan
8,4,future_min,tsae,1000.0,0.8634668652719413,960,320,320,0.8512969017028809,3.245216131210327,nan,1.0
8,4,future_delta,tsae,1000.0,0.09356054948362658,960,320,320,0.1542842984199524,3.7242836952209473,nan,nan
8,4,future_min,txc,10000.0,0.6958053878591128,960,320,320,0.7024602890014648,4.590458393096924,nan,1.0
8,4,future_delta,txc,10000.0,-0.13857983109765026,960,320,320,-0.13700151443481445,4.3182830810546875,nan,nan
8,4,future_min,sae_plus_txc,10000.0,0.7589995750773395,960,320,320,0.7683908343315125,4.050060272216797,nan,1.0
8,4,future_delta,sae_plus_txc,10000.0,-0.04644349659646707,960,320,320,-0.029804348945617676,4.109679222106934,nan,nan
8,4,future_min,tsae_plus_txc,10000.0,0.7579899737303001,960,320,320,0.7664015889167786,4.067415237426758,nan,1.0
8,4,future_delta,tsae_plus_txc,10000.0,-0.0491910474517363,960,320,320,-0.04375457763671875,4.137421607971191,nan,nan
8,4,future_min,past_user_axis,10000.0,0.8879897681455469,960,320,320,0.8681963682174683,3.055253505706787,nan,1.0
8,4,future_delta,past_user_axis,10000.0,-0.025189986643041173,960,320,320,0.09141457080841064,3.8602325916290283,nan,nan
8,4,future_min,future_user_oracle,10000.0,0.8928000658765152,960,320,320,0.8777161836624146,2.94284987449646,nan,1.0
8,4,future_delta,future_user_oracle,10000.0,0.008590126894084449,960,320,320,0.14484256505966187,3.7450153827667236,nan,nan
8,4,future_min,raw_local_user_history,10000.0,0.9094050157941004,960,320,320,0.8969487547874451,2.7015328407287598,nan,1.0
8,4,future_delta,raw_local_user_history,10000.0,0.188843396877861,960,320,320,0.2665741443634033,3.468236207962036,nan,nan
8,4,future_min,raw_history_user_history,10000.0,0.914762353548834,960,320,320,0.9043791890144348,2.6023149490356445,nan,1.0
8,4,future_delta,raw_history_user_history,10000.0,0.056620016900489345,960,320,320,0.22460198402404785,3.5660948753356934,nan,nan
8,4,future_min,sae_user_history,10000.0,0.8903645027427174,960,320,320,0.8722596168518066,3.007791757583618,nan,1.0
8,4,future_delta,sae_user_history,10000.0,0.012463581994923034,960,320,320,0.12791436910629272,3.7819008827209473,nan,nan
8,4,future_min,sae_plus_txc_user_history,10000.0,0.8674805999549008,960,320,320,0.8565035462379456,3.1878960132598877,nan,1.0
8,4,future_delta,sae_plus_txc_user_history,10000.0,-0.07275419175851261,960,320,320,0.01577937602996826,4.017693519592285,nan,nan
