arm,label,metric,mean_delta,seed_sd,conditional_question_ci_low,conditional_question_ci_high,baseline_mean,treated_mean,seed_1,seed_2,seed_42
txc_base,TXC,gc,0.04666666666666667,0.02081665999466133,-0.04333333333333334,0.14666666666666667,0.21,0.25666666666666665,0.03,0.07,0.04
txc_base,TXC,coherent_gc,0.036666666666666674,0.015275252316519466,-0.05333333333333333,0.13333333333333333,0.21,0.24666666666666667,0.02,0.05,0.04
txc_base,TXC,coherent_bt,0.01,0.0,-0.06,0.08,0.2,0.21,0.01,0.01,0.01
txc_base,TXC,incoherent,0.016666666666666666,0.020816659994661327,0.003333333333333333,0.03333333333333333,0.0,0.016666666666666666,0.04,0.01,0.0
txc_base,TXC,correct,-0.07666666666666667,0.04932882862316247,-0.15666666666666665,2.7755575615225016e-20,0.34,0.2633333333333333,-0.02,-0.1,-0.11
topk_last,SAE · last,gc,0.13,0.09848857801796104,0.04000000000000001,0.21333333333333335,0.21,0.34,0.05,0.1,0.24
topk_last,SAE · last,coherent_gc,0.10666666666666667,0.06658328118479392,0.019999999999999997,0.19,0.21,0.31666666666666665,0.05,0.09,0.18
topk_last,SAE · last,coherent_bt,0.056666666666666664,0.04725815626252609,-0.013333333333333334,0.12666666666666665,0.2,0.25666666666666665,0.02,0.04,0.11
topk_last,SAE · last,incoherent,0.03666666666666667,0.055075705472861024,0.016666666666666666,0.06,0.0,0.03666666666666667,0.0,0.01,0.1
topk_last,SAE · last,correct,-0.08666666666666667,0.06806859285554047,-0.16666666666666669,-0.0033333333333333357,0.34,0.25333333333333335,-0.01,-0.14,-0.11
topk_mean,SAE · mean,gc,0.29,0.29546573405388316,0.18666666666666668,0.3933333333333333,0.21,0.5,0.05,0.2,0.62
topk_mean,SAE · mean,coherent_gc,0.17,0.11135528725660045,0.07666666666666665,0.2633333333333333,0.21,0.38,0.05,0.19,0.27
topk_mean,SAE · mean,coherent_bt,0.08666666666666667,0.05773502691896257,0.013333333333333329,0.16,0.2,0.2866666666666667,0.02,0.12,0.12
topk_mean,SAE · mean,incoherent,0.10999999999999999,0.16522711641858306,0.07999999999999999,0.1433333333333333,0.0,0.11,0.0,0.03,0.3
topk_mean,SAE · mean,correct,-0.17,0.14422205101855956,-0.25,-0.09,0.34,0.17,-0.01,-0.21,-0.29
topk_max,SAE · max,gc,0.37666666666666665,0.308274769213008,0.25999999999999995,0.49333333333333335,0.21,0.5866666666666667,0.03,0.48,0.62
topk_max,SAE · max,coherent_gc,0.20666666666666667,0.1550268793897798,0.09333333333333332,0.32,0.21,0.4166666666666667,0.03,0.32,0.27
topk_max,SAE · max,coherent_bt,0.08333333333333333,0.08144527815247077,-0.006666666666666663,0.16666666666666663,0.2,0.2833333333333333,-0.01,0.14,0.12
topk_max,SAE · max,incoherent,0.16333333333333333,0.1517673658377628,0.12333333333333332,0.20666666666666664,0.0,0.16333333333333333,0.0,0.19,0.3
topk_max,SAE · max,correct,-0.19999999999999998,0.12288205727444507,-0.2833333333333333,-0.12000000000000002,0.34,0.14,-0.06,-0.25,-0.29
tsae_last,T-SAE · last,gc,0.06,0.055677643628300216,-0.023333333333333338,0.14666666666666667,0.21,0.27,0.12,0.01,0.05
tsae_last,T-SAE · last,coherent_gc,0.05666666666666667,0.05686240703077326,-0.02666666666666667,0.14333333333333334,0.21,0.26666666666666666,0.12,0.01,0.04
tsae_last,T-SAE · last,coherent_bt,0.01,0.02,-0.06333333333333332,0.08,0.2,0.21,0.03,-0.01,0.01
tsae_last,T-SAE · last,incoherent,0.0033333333333333335,0.005773502691896258,0.0,0.01,0.0,0.0033333333333333335,0.0,0.0,0.01
tsae_last,T-SAE · last,correct,-0.043333333333333335,0.005773502691896259,-0.11666666666666668,0.029999999999999995,0.34,0.2966666666666667,-0.04,-0.04,-0.05
tsae_mean,T-SAE · mean,gc,0.06,0.055677643628300216,-0.023333333333333338,0.14666666666666667,0.21,0.27,0.12,0.01,0.05
tsae_mean,T-SAE · mean,coherent_gc,0.05666666666666667,0.05686240703077326,-0.02666666666666667,0.14333333333333334,0.21,0.26666666666666666,0.12,0.01,0.04
tsae_mean,T-SAE · mean,coherent_bt,0.01,0.02,-0.06333333333333332,0.08,0.2,0.21,0.03,-0.01,0.01
tsae_mean,T-SAE · mean,incoherent,0.0033333333333333335,0.005773502691896258,0.0,0.01,0.0,0.0033333333333333335,0.0,0.0,0.01
tsae_mean,T-SAE · mean,correct,-0.043333333333333335,0.005773502691896259,-0.11666666666666668,0.029999999999999995,0.34,0.2966666666666667,-0.04,-0.04,-0.05
tsae_max,T-SAE · max,gc,0.036666666666666674,0.023094010767585032,-0.03666666666666666,0.11333333333333333,0.21,0.24666666666666667,0.05,0.01,0.05
tsae_max,T-SAE · max,coherent_gc,0.03333333333333333,0.020816659994661327,-0.039999999999999994,0.11,0.21,0.24333333333333335,0.05,0.01,0.04
tsae_max,T-SAE · max,coherent_bt,0.0033333333333333335,0.011547005383792516,-0.06,0.06666666666666667,0.2,0.20333333333333334,0.01,-0.01,0.01
tsae_max,T-SAE · max,incoherent,0.0033333333333333335,0.005773502691896258,0.0,0.01,0.0,0.0033333333333333335,0.0,0.0,0.01
tsae_max,T-SAE · max,correct,-0.08,0.06082762530298219,-0.15333333333333332,-0.01,0.34,0.26,-0.15,-0.04,-0.05
stacked_atoms,Stacked SAE,gc,0.07666666666666667,0.03214550253664318,-0.01333333333333334,0.1734166666666655,0.21,0.2866666666666667,0.04,0.1,0.09
stacked_atoms,Stacked SAE,coherent_gc,0.056666666666666664,0.025166114784235832,-0.039999999999999994,0.15999999999999998,0.21,0.26666666666666666,0.03,0.08,0.06
stacked_atoms,Stacked SAE,coherent_bt,0.02,0.034641016151377546,-0.05666666666666667,0.09666666666666666,0.2,0.22,-0.02,0.04,0.04
stacked_atoms,Stacked SAE,incoherent,0.02333333333333333,0.011547005383792514,0.006666666666666666,0.04666666666666666,0.0,0.023333333333333334,0.03,0.03,0.01
stacked_atoms,Stacked SAE,correct,-0.043333333333333335,0.06110100926607787,-0.11999999999999998,0.03333333333333333,0.34,0.2966666666666667,-0.03,0.01,-0.11
random,Random,gc,0.07333333333333333,0.055075705472861024,-0.013333333333333338,0.15666666666666665,0.21,0.2833333333333333,0.01,0.11,0.1
random,Random,coherent_gc,0.07,0.05196152422706632,-0.01666666666666667,0.15333333333333332,0.21,0.28,0.01,0.1,0.1
random,Random,coherent_bt,0.02666666666666667,0.041633319989322654,-0.04333333333333334,0.09666666666666664,0.2,0.22666666666666666,-0.02,0.04,0.06
random,Random,incoherent,0.01,0.017320508075688773,0.0,0.02333333333333333,0.0,0.01,0.0,0.03,0.0
random,Random,correct,-0.06666666666666667,0.05686240703077327,-0.14666666666666667,0.009999999999999998,0.34,0.2733333333333333,-0.13,-0.05,-0.02
