arm,seed,role,magnitude,mean_tokens,fraction_reaching_token_budget,fraction_without_parsed_answer
txc_base,1,zero,0.0,566.11,0.83,0.55
txc_base,1,selected,8.0,548.93,0.64,0.61
txc_base,2,zero,0.0,566.11,0.83,0.55
txc_base,2,selected,4.0,557.06,0.73,0.69
txc_base,42,zero,0.0,566.11,0.83,0.55
txc_base,42,selected,-8.0,552.18,0.68,0.66
topk_last,1,zero,0.0,566.11,0.83,0.55
topk_last,1,selected,8.0,542.39,0.58,0.56
topk_last,2,zero,0.0,566.11,0.83,0.55
topk_last,2,selected,-12.0,532.66,0.63,0.61
topk_last,42,zero,0.0,566.11,0.83,0.55
topk_last,42,selected,-12.0,541.95,0.7,0.66
topk_mean,1,zero,0.0,566.11,0.83,0.55
topk_mean,1,selected,8.0,542.39,0.58,0.56
topk_mean,2,zero,0.0,566.11,0.83,0.55
topk_mean,2,selected,12.0,562.25,0.86,0.83
topk_mean,42,zero,0.0,566.11,0.83,0.55
topk_mean,42,selected,-12.0,555.53,0.86,0.84
topk_max,1,zero,0.0,566.11,0.83,0.55
topk_max,1,selected,-4.0,558.46,0.68,0.63
topk_max,2,zero,0.0,566.11,0.83,0.55
topk_max,2,selected,12.0,561.72,0.86,0.85
topk_max,42,zero,0.0,566.11,0.83,0.55
topk_max,42,selected,-12.0,555.53,0.86,0.84
tsae_last,1,zero,0.0,566.11,0.83,0.55
tsae_last,1,selected,-4.0,558.87,0.71,0.61
tsae_last,2,zero,0.0,566.11,0.83,0.55
tsae_last,2,selected,-4.0,560.68,0.77,0.62
tsae_last,42,zero,0.0,566.11,0.83,0.55
tsae_last,42,selected,-4.0,561.41,0.76,0.6
tsae_mean,1,zero,0.0,566.11,0.83,0.55
tsae_mean,1,selected,-4.0,558.87,0.71,0.61
tsae_mean,2,zero,0.0,566.11,0.83,0.55
tsae_mean,2,selected,-4.0,560.68,0.77,0.62
tsae_mean,42,zero,0.0,566.11,0.83,0.55
tsae_mean,42,selected,-4.0,561.41,0.76,0.6
tsae_max,1,zero,0.0,566.11,0.83,0.55
tsae_max,1,selected,8.0,560.78,0.78,0.75
tsae_max,2,zero,0.0,566.11,0.83,0.55
tsae_max,2,selected,-4.0,560.68,0.77,0.62
tsae_max,42,zero,0.0,566.11,0.83,0.55
tsae_max,42,selected,-4.0,561.41,0.76,0.6
stacked_atoms,1,zero,0.0,566.11,0.83,0.55
stacked_atoms,1,selected,8.0,547.11,0.63,0.58
stacked_atoms,2,zero,0.0,566.11,0.83,0.55
stacked_atoms,2,selected,8.0,544.84,0.61,0.53
stacked_atoms,42,zero,0.0,566.11,0.83,0.55
stacked_atoms,42,selected,-8.0,557.76,0.72,0.68
random,1,zero,0.0,566.11,0.83,0.55
random,1,selected,-8.0,557.8,0.78,0.72
random,2,zero,0.0,566.11,0.83,0.55
random,2,selected,-12.0,546.28,0.59,0.56
random,42,zero,0.0,566.11,0.83,0.55
random,42,selected,12.0,549.59,0.63,0.59
