reference,comparison,metric,mean_paired_difference,paired_seed_sd,conditional_question_ci_low,conditional_question_ci_high
txc_base,topk_last,gc,-0.08333333333333333,0.10115993936995679,-0.15333333333333332,-0.009999999999999995
txc_base,topk_last,coherent_gc,-0.07,0.060827625302982205,-0.14008333333333328,0.006666666666666667
txc_base,topk_last,coherent_bt,-0.04666666666666667,0.04725815626252609,-0.09666666666666666,0.0033333333333333314
txc_base,topk_last,incoherent,-0.02,0.07211102550927978,-0.04666666666666666,0.006666666666666665
txc_base,topk_last,correct,0.01,0.026457513110645904,-0.04,0.05999999999999999
txc_base,topk_mean,gc,-0.24333333333333335,0.29670411748631553,-0.33666666666666667,-0.14991666666666786
txc_base,topk_mean,coherent_gc,-0.13333333333333333,0.10016652800877814,-0.21999999999999997,-0.04666666666666666
txc_base,topk_mean,coherent_bt,-0.07666666666666666,0.05773502691896258,-0.13666666666666666,-0.016666666666666663
txc_base,topk_mean,incoherent,-0.09333333333333334,0.1814754345175493,-0.12999999999999998,-0.05999999999999999
txc_base,topk_mean,correct,0.09333333333333334,0.09609023536933049,0.046666666666666655,0.1433333333333333
txc_base,topk_max,gc,-0.33,0.29816103031751146,-0.43666666666666665,-0.22333333333333336
txc_base,topk_max,coherent_gc,-0.17,0.14,-0.2733333333333334,-0.06666666666666667
txc_base,topk_max,coherent_bt,-0.07333333333333333,0.08144527815247078,-0.14333333333333334,3.3306690738754695e-18
txc_base,topk_max,incoherent,-0.14666666666666667,0.17243356208503416,-0.19333333333333333,-0.10333333333333333
txc_base,topk_max,correct,0.12333333333333334,0.07371114795831994,0.07,0.18
txc_base,tsae_last,gc,-0.013333333333333334,0.07505553499465135,-0.09666666666666666,0.06333333333333334
txc_base,tsae_last,coherent_gc,-0.02,0.07211102550927978,-0.10333333333333333,0.05666666666666668
txc_base,tsae_last,coherent_bt,0.0,0.02,-0.056666666666666664,0.05333333333333333
txc_base,tsae_last,incoherent,0.013333333333333334,0.025166114784235832,0.003333333333333333,0.026666666666666665
txc_base,tsae_last,correct,-0.03333333333333333,0.04618802153517006,-0.10333333333333332,0.03666666666666667
txc_base,tsae_mean,gc,-0.013333333333333334,0.07505553499465135,-0.09666666666666666,0.06333333333333334
txc_base,tsae_mean,coherent_gc,-0.02,0.07211102550927978,-0.10333333333333333,0.05666666666666668
txc_base,tsae_mean,coherent_bt,0.0,0.02,-0.056666666666666664,0.05333333333333333
txc_base,tsae_mean,incoherent,0.013333333333333334,0.025166114784235832,0.003333333333333333,0.026666666666666665
txc_base,tsae_mean,correct,-0.03333333333333333,0.04618802153517006,-0.10333333333333332,0.03666666666666667
txc_base,tsae_max,gc,0.01,0.04358898943540673,-0.06666666666666668,0.08999999999999998
txc_base,tsae_max,coherent_gc,0.0033333333333333335,0.03511884584284246,-0.07333333333333333,0.08
txc_base,tsae_max,coherent_bt,0.006666666666666667,0.011547005383792516,-0.04333333333333334,0.056666666666666664
txc_base,tsae_max,incoherent,0.013333333333333334,0.025166114784235832,0.003333333333333333,0.026666666666666665
txc_base,tsae_max,correct,0.0033333333333333335,0.1096965511460289,-0.06333333333333334,0.07333333333333333
txc_base,stacked_atoms,gc,-0.03,0.02,-0.08,0.016749999999998794
txc_base,stacked_atoms,coherent_gc,-0.02,0.01,-0.07333333333333333,0.03333333333333333
txc_base,stacked_atoms,coherent_bt,-0.01,0.034641016151377546,-0.05333333333333334,0.03333333333333333
txc_base,stacked_atoms,incoherent,-0.006666666666666667,0.015275252316519466,-0.026666666666666665,0.01
txc_base,stacked_atoms,correct,-0.03333333333333333,0.06658328118479392,-0.08333333333333331,0.016666666666666663
txc_base,random,gc,-0.02666666666666667,0.041633319989322654,-0.09000000000000002,0.039999999999999994
txc_base,random,coherent_gc,-0.03333333333333333,0.03785938897200183,-0.09999999999999998,0.03333333333333334
txc_base,random,coherent_bt,-0.016666666666666666,0.041633319989322654,-0.06666666666666668,0.03666666666666667
txc_base,random,incoherent,0.006666666666666667,0.030550504633038936,-0.01,0.02333333333333333
txc_base,random,correct,-0.01,0.10583005244258362,-0.05999999999999999,0.039999999999999994
