arch,magnitude,n_extra_rescue,n_broke_by_steering,n_no_change_vs_baseline,delta_net_vs_baseline,n_total
mlc,-16.0,1,26,34,-25,61
mlc,-12.0,0,19,42,-19,61
mlc,-10.0,0,8,53,-8,61
mlc,-8.0,2,7,52,-5,61
mlc,-7.0,1,6,54,-5,61
mlc,-6.0,4,7,50,-3,61
mlc,-5.0,4,4,53,0,61
mlc,-4.0,5,5,51,0,61
mlc,-3.0,3,4,54,-1,61
mlc,-2.0,2,4,55,-2,61
mlc,-1.0,2,4,55,-2,61
mlc,-0.5,1,6,54,-5,61
mlc,0.0,0,0,61,0,61
mlc,0.5,3,4,54,-1,61
mlc,1.0,2,3,56,-1,61
mlc,2.0,4,9,48,-5,61
mlc,3.0,4,5,52,-1,61
mlc,4.0,5,3,53,2,61
mlc,5.0,2,5,54,-3,61
mlc,6.0,5,9,47,-4,61
mlc,7.0,5,7,49,-2,61
mlc,8.0,4,9,48,-5,61
mlc,10.0,5,12,44,-7,61
mlc,12.0,3,14,44,-11,61
mlc,16.0,2,31,28,-29,61
tfa,-16.0,7,20,34,-13,61
tfa,-12.0,2,10,49,-8,61
tfa,-10.0,3,9,49,-6,61
tfa,-8.0,7,6,48,1,61
tfa,-7.0,3,8,50,-5,61
tfa,-6.0,4,6,51,-2,61
tfa,-5.0,3,5,53,-2,61
tfa,-4.0,2,5,54,-3,61
tfa,-3.0,2,2,57,0,61
tfa,-2.0,5,5,51,0,61
tfa,-1.0,3,3,55,0,61
tfa,-0.5,1,2,58,-1,61
tfa,0.0,0,0,61,0,61
tfa,0.5,2,3,56,-1,61
tfa,1.0,2,6,53,-4,61
tfa,2.0,4,5,52,-1,61
tfa,3.0,4,6,51,-2,61
tfa,4.0,5,5,51,0,61
tfa,5.0,2,4,55,-2,61
tfa,6.0,2,8,51,-6,61
tfa,7.0,2,7,52,-5,61
tfa,8.0,2,8,51,-6,61
tfa,10.0,1,12,48,-11,61
tfa,12.0,2,9,50,-7,61
tfa,16.0,2,17,42,-15,61
topk_sae,-16.0,2,29,30,-27,61
topk_sae,-12.0,4,16,41,-12,61
topk_sae,-10.0,4,13,44,-9,61
topk_sae,-8.0,2,12,47,-10,61
topk_sae,-7.0,1,10,50,-9,61
topk_sae,-6.0,2,6,53,-4,61
topk_sae,-5.0,3,7,51,-4,61
topk_sae,-4.0,5,6,50,-1,61
topk_sae,-3.0,2,6,53,-4,61
topk_sae,-2.0,5,6,50,-1,61
topk_sae,-1.0,2,7,52,-5,61
topk_sae,-0.5,2,3,56,-1,61
topk_sae,0.0,0,0,61,0,61
topk_sae,0.5,0,3,58,-3,61
topk_sae,1.0,1,4,56,-3,61
topk_sae,2.0,4,6,51,-2,61
topk_sae,3.0,4,4,53,0,61
topk_sae,4.0,3,7,51,-4,61
topk_sae,5.0,3,8,50,-5,61
topk_sae,6.0,4,10,47,-6,61
topk_sae,7.0,3,10,48,-7,61
topk_sae,8.0,3,8,50,-5,61
topk_sae,10.0,4,11,46,-7,61
topk_sae,12.0,3,9,49,-6,61
topk_sae,16.0,2,15,44,-13,61
tsae,-16.0,8,70,166,-62,244
tsae,-12.0,6,28,210,-22,244
tsae,-10.0,8,20,216,-12,244
tsae,-8.0,4,26,214,-22,244
tsae,-7.0,12,28,204,-16,244
tsae,-6.0,14,26,204,-12,244
tsae,-5.0,14,32,198,-18,244
tsae,-4.0,10,22,212,-12,244
tsae,-3.0,6,26,212,-20,244
tsae,-2.0,4,22,218,-18,244
tsae,-1.0,0,20,224,-20,244
tsae,-0.5,2,14,228,-12,244
tsae,0.0,0,0,244,0,244
tsae,0.5,4,14,226,-10,244
tsae,1.0,4,14,226,-10,244
tsae,2.0,18,22,204,-4,244
tsae,3.0,12,26,206,-14,244
tsae,4.0,14,24,206,-10,244
tsae,5.0,18,36,190,-18,244
tsae,6.0,16,32,196,-16,244
tsae,7.0,22,42,180,-20,244
tsae,8.0,14,32,198,-18,244
tsae,10.0,6,44,194,-38,244
tsae,12.0,4,54,186,-50,244
tsae,16.0,2,86,156,-84,244
txc,-16.0,0,36,25,-36,61
txc,-12.0,1,32,28,-31,61
txc,-10.0,4,25,32,-21,61
txc,-8.0,7,12,42,-5,61
txc,-7.0,1,8,52,-7,61
txc,-6.0,3,7,51,-4,61
txc,-5.0,5,5,51,0,61
txc,-4.0,2,3,56,-1,61
txc,-3.0,1,4,56,-3,61
txc,-2.0,3,2,56,1,61
txc,-1.0,2,3,56,-1,61
txc,-0.5,3,5,53,-2,61
txc,0.0,0,0,61,0,61
txc,0.5,1,4,56,-3,61
txc,1.0,3,6,52,-3,61
txc,2.0,2,4,55,-2,61
txc,3.0,1,7,53,-6,61
txc,4.0,0,6,55,-6,61
txc,5.0,3,9,49,-6,61
txc,6.0,0,13,48,-13,61
txc,7.0,0,15,46,-15,61
txc,8.0,0,18,43,-18,61
txc,10.0,0,29,32,-29,61
txc,12.0,0,31,30,-31,61
txc,16.0,0,36,25,-36,61
txc_h8,-16.0,0,35,26,-35,61
txc_h8,-12.0,0,20,41,-20,61
txc_h8,-10.0,3,17,41,-14,61
txc_h8,-8.0,3,7,51,-4,61
txc_h8,-7.0,3,8,50,-5,61
txc_h8,-6.0,3,7,51,-4,61
txc_h8,-5.0,3,9,49,-6,61
txc_h8,-4.0,4,7,50,-3,61
txc_h8,-3.0,4,7,50,-3,61
txc_h8,-2.0,3,8,50,-5,61
txc_h8,-1.0,6,6,49,0,61
txc_h8,-0.5,2,2,57,0,61
txc_h8,0.0,0,0,61,0,61
txc_h8,0.5,1,4,56,-3,61
txc_h8,1.0,2,5,54,-3,61
txc_h8,2.0,2,6,53,-4,61
txc_h8,3.0,6,8,47,-2,61
txc_h8,4.0,4,8,49,-4,61
txc_h8,5.0,4,8,49,-4,61
txc_h8,6.0,3,7,51,-4,61
txc_h8,7.0,4,9,48,-5,61
txc_h8,8.0,5,14,42,-9,61
txc_h8,10.0,3,16,42,-13,61
txc_h8,12.0,1,22,38,-21,61
txc_h8,16.0,0,35,26,-35,61
