comparison_role,comparator_arch,comparator_width,comparator_view,probe_mode,S,txc_mean_fold_ap,comparator_mean_fold_ap,paired_delta_mean,delta_seed1,delta_seed2,delta_seed42,paired_delta_seed_sample_sd,conditional_ci_low,conditional_ci_high,bootstrap_mean,bootstrap_sd,n_bootstrap,bootstrap_seed,n_prompt_groups,n_folds,n_dictionary_seeds
T-SAE 16K sensitivity,tsae_paper,16384,last,historical_raw_C1,8,0.1794644391416449,0.18322850186294545,-0.003764062721300504,0.003365578523062712,-0.022588035074553092,0.007930268387588868,0.016461031248279686,-0.015476442412539572,0.008117570702681664,-0.0031976690224267074,0.006025525602886231,1000,42,213,5,3
T-SAE 16K sensitivity,tsae_paper,16384,last,historical_raw_C1,32,0.23299533265192066,0.21603667031294846,0.016958662338972186,0.021640758419357586,-0.007741908259110503,0.03697713685666948,0.02272421102692592,0.006071836584471306,0.02558567242118199,0.01600556683095605,0.0051452809411752405,1000,42,213,5,3
T-SAE 16K sensitivity,tsae_paper,16384,last,matched_scaled_C1,8,0.1482810615513048,0.17149733631009223,-0.02321627475878743,-0.025912882066717796,-0.020327505131123053,-0.023408437078521444,0.002797642515764407,-0.036499494159074296,-0.012163954932552614,-0.023701291468255115,0.00618173593145505,1000,42,213,5,3
T-SAE 16K sensitivity,tsae_paper,16384,last,matched_scaled_C1,32,0.24020715555315916,0.21253705798333491,0.02767009756982426,0.022735176836278986,0.017822217623284675,0.04245289824990911,0.013035823296496248,0.016318514278202634,0.03804905758906,0.027188034960744966,0.005631659505674675,1000,42,213,5,3
T-SAE 16K sensitivity,tsae_paper,16384,mean,historical_raw_C1,8,0.1794644391416449,0.1897143027055251,-0.01024986356388019,-0.0012362096845484616,-0.035623197027752296,0.006109816020660186,0.022278814190100773,-0.021354146491306503,0.0024605689074913627,-0.009466287772364966,0.006260930898176951,1000,42,213,5,3
T-SAE 16K sensitivity,tsae_paper,16384,mean,historical_raw_C1,32,0.23299533265192066,0.23099562658171577,0.0019997060702048597,0.0032776902172968747,-0.022370219465937646,0.02509164745925535,0.023756728217840646,-0.008641191674181453,0.011828981958541294,0.0017980617228579806,0.005279454809110399,1000,42,213,5,3
T-SAE 16K sensitivity,tsae_paper,16384,mean,matched_scaled_C1,8,0.1482810615513048,0.14612762828069925,0.0021534332706055295,0.0031215773568034344,0.002037800588311711,0.0013009218667014433,0.0009158191913912254,-0.007044426464606917,0.007703161171119447,0.0010196195494504084,0.0035980376500046427,1000,42,213,5,3
T-SAE 16K sensitivity,tsae_paper,16384,mean,matched_scaled_C1,32,0.24020715555315916,0.1993605646293203,0.04084659092383885,0.017430063306267618,0.06351899078899259,0.04159071867625633,0.023053472703931373,0.02683577258688845,0.055434181648083655,0.04101785119086125,0.00730818901004515,1000,42,213,5,3
T-SAE 16K sensitivity,tsae_paper,16384,max,historical_raw_C1,8,0.1794644391416449,0.20104616808679898,-0.02158172894515406,-0.025227795957273785,-0.042674491475374776,0.0031571005971863797,0.02313231638788177,-0.0350986200829299,-0.009020462347914744,-0.02140783313917974,0.006775105646931892,1000,42,213,5,3
T-SAE 16K sensitivity,tsae_paper,16384,max,historical_raw_C1,32,0.23299533265192066,0.23773506355761687,-0.004739730905696228,-0.0021275646100153145,-0.027982873167215094,0.015891245060141723,0.022053392530951774,-0.015904463286839816,0.00515572901838067,-0.004629362881242145,0.005251552204415368,1000,42,213,5,3
T-SAE 16K sensitivity,tsae_paper,16384,max,matched_scaled_C1,8,0.1482810615513048,0.1448865004626525,0.003394561088652289,0.004591036012992655,-0.0022765542373553715,0.007869201490319583,0.005177620496409885,-0.005657595486318138,0.010574595983034365,0.0027777461352640254,0.003930421674632761,1000,42,213,5,3
T-SAE 16K sensitivity,tsae_paper,16384,max,matched_scaled_C1,32,0.24020715555315916,0.21273188601041712,0.027475269542742087,0.002632124308345335,0.052401055499647575,0.027392628820233356,0.024884568513396148,0.017642725421845203,0.0369680048507505,0.0276646466330508,0.005064803986197566,1000,42,213,5,3
